street_id,street_address,latitude,longitude,ZEDZ(inside =1),pop_distribution,parcel_delivered(#/year),parcel_delivered(#/day),parcel_delivered(kg/day),USPS_Depot_name,USPS_Depot_parcel(kg),UPS_Depot_name,UPS_Depot_parcel(kg),Amazon_Depot_name,Amazon_Depot_Depot_parcel(kg),FedEX_Depot_name,FedEX_Depot_parcel(kg)
1,"10th Court, Santa Monica, CA90403",34.0198901,-118.4884089,0,151.2892687,4236.099524,11.60575212,12.76632733,depot-5,4.851204387,depot-9,3.06391856,depot-10,2.68092874,depot-12,2.29793892
2,"10th Court, Santa Monica, CA90405",34.0198965,-118.4872614,0,151.2892687,4236.099524,11.60575212,12.76632733,depot-5,4.851204387,depot-9,3.06391856,depot-10,2.68092874,depot-12,2.29793892
3,"10th Street, Santa Monica, CA90401",34.0198901,-118.4884089,0,151.2892687,4236.099524,11.60575212,12.76632733,depot-5,4.851204387,depot-9,3.06391856,depot-10,2.68092874,depot-12,2.29793892
4,"10th Street, Santa Monica, CA90402",34.0198901,-118.4884089,0,151.2892687,4236.099524,11.60575212,12.76632733,depot-5,4.851204387,depot-9,3.06391856,depot-10,2.68092874,depot-12,2.29793892
5,"10th Street, Santa Monica, CA90403",34.0198901,-118.4884089,0,151.2892687,4236.099524,11.60575212,12.76632733,depot-5,4.851204387,depot-9,3.06391856,depot-10,2.68092874,depot-12,2.29793892
6,"10th Street, Santa Monica, CA90404",34.0198901,-118.4884089,0,151.2892687,4236.099524,11.60575212,12.76632733,depot-5,4.851204387,depot-9,3.06391856,depot-10,2.68092874,depot-12,2.29793892
7,"10th Street, Santa Monica, CA90405",34.0198901,-118.4884089,0,151.2892687,4236.099524,11.60575212,12.76632733,depot-5,4.851204387,depot-9,3.06391856,depot-10,2.68092874,depot-12,2.29793892
8,"11th Court, Santa Monica, CA90403",34.029789,-118.497364,0,214.7477404,6012.936732,16.47379927,18.12117919,depot-1,6.886048093,depot-9,4.349083006,depot-10,3.80544763,depot-12,3.261812255
9,"11th Street, Santa Monica, CA90401",34.0242925,-118.4916917,0,258.5636307,7239.78166,19.83501825,21.81852007,depot-4,8.291037628,depot-9,5.236444817,depot-10,4.581889215,depot-12,3.927333613
10,"11th Street, Santa Monica, CA90402",34.0242925,-118.4916917,0,258.5636307,7239.78166,19.83501825,21.81852007,depot-4,8.291037628,depot-9,5.236444817,depot-10,4.581889215,depot-12,3.927333613
11,"11th Street, Santa Monica, CA90403",34.0253028,-118.4923773,0,523.3308178,14653.2629,40.14592575,44.16051833,depot-4,16.78099696,depot-9,10.5985244,depot-10,9.273708848,depot-12,7.948893299
12,"11th Street, Santa Monica, CA90404",34.0194353,-118.4836409,0,480.9781197,13467.38735,36.89695165,40.58664682,depot-5,15.42292579,depot-9,9.740795236,depot-10,8.523195832,depot-12,7.305596427
13,"11th Street, Santa Monica, CA90405",34.0185454,-118.4842621,0,480.9781197,13467.38735,36.89695165,40.58664682,depot-5,15.42292579,depot-9,9.740795236,depot-10,8.523195832,depot-12,7.305596427
14,"12th Street, Santa Monica, CA90401",34.018562,-118.4834492,0,480.9781197,13467.38735,36.89695165,40.58664682,depot-5,15.42292579,depot-9,9.740795236,depot-10,8.523195832,depot-12,7.305596427
15,"12th Street, Santa Monica, CA90402",34.018562,-118.4834492,0,480.9781197,13467.38735,36.89695165,40.58664682,depot-5,15.42292579,depot-9,9.740795236,depot-10,8.523195832,depot-12,7.305596427
16,"12th Street, Santa Monica, CA90403",34.018562,-118.4834492,0,480.9781197,13467.38735,36.89695165,40.58664682,depot-5,15.42292579,depot-9,9.740795236,depot-10,8.523195832,depot-12,7.305596427
17,"12th Street, Santa Monica, CA90404",34.0194353,-118.4836409,0,480.9781197,13467.38735,36.89695165,40.58664682,depot-5,15.42292579,depot-9,9.740795236,depot-10,8.523195832,depot-12,7.305596427
18,"14th Street, Santa Monica, CA90402",34.0225107,-118.4846546,0,151.2892687,4236.099524,11.60575212,12.76632733,depot-3,4.851204387,depot-9,3.06391856,depot-10,2.68092874,depot-12,2.29793892
19,"14th Street, Santa Monica, CA90403",34.0225107,-118.4846546,0,151.2892687,4236.099524,11.60575212,12.76632733,depot-3,4.851204387,depot-9,3.06391856,depot-10,2.68092874,depot-12,2.29793892
20,"14th Street, Santa Monica, CA90404",34.0225107,-118.4846546,0,151.2892687,4236.099524,11.60575212,12.76632733,depot-3,4.851204387,depot-9,3.06391856,depot-10,2.68092874,depot-12,2.29793892
21,"14th Street, Santa Monica, CA90405",34.0154722,-118.4758611,0,392.3809358,10986.6662,30.10045535,33.11050088,depot-5,12.58199034,depot-9,7.946520212,depot-10,6.953205185,depot-14,5.959890159
22,"15th Street, Santa Monica, CA90402",34.0347845,-118.4968362,0,914.6768518,25610.95185,70.16699137,77.18369051,depot-2,29.32980239,depot-9,18.52408572,depot-10,16.20857501,depot-12,13.89306429
23,"15th Street, Santa Monica, CA90403",34.0308827,-118.491201,0,190.5912109,5336.553904,14.62069563,16.08276519,depot-2,6.111450772,depot-9,3.859863645,depot-10,3.37738069,depot-12,2.894897734
24,"15th Street, Santa Monica, CA90404",34.0244138,-118.4838081,0,151.2892687,4236.099524,11.60575212,12.76632733,depot-3,4.851204387,depot-9,3.06391856,depot-10,2.68092874,depot-12,2.29793892
25,"16th Street, Santa Monica, CA90402",34.027893,-118.485935,0,258.5636307,7239.78166,19.83501825,21.81852007,depot-3,8.291037628,depot-9,5.236444817,depot-10,4.581889215,depot-12,3.927333613
26,"16th Street, Santa Monica, CA90403",34.024171,-118.481585,0,151.2892687,4236.099524,11.60575212,12.76632733,depot-3,4.851204387,depot-9,3.06391856,depot-10,2.68092874,depot-14,2.29793892
27,"16th Street, Santa Monica, CA90404",34.024171,-118.481585,0,151.2892687,4236.099524,11.60575212,12.76632733,depot-3,4.851204387,depot-9,3.06391856,depot-10,2.68092874,depot-14,2.29793892
28,"16th Street, Santa Monica, CA90405",34.027893,-118.485935,0,258.5636307,7239.78166,19.83501825,21.81852007,depot-3,8.291037628,depot-9,5.236444817,depot-10,4.581889215,depot-12,3.927333613
29,"17th Street, Santa Monica, CA90402",34.019349,-118.474101,0,480.9781197,13467.38735,36.89695165,40.58664682,depot-5,15.42292579,depot-9,9.740795236,depot-10,8.523195832,depot-14,7.305596427
30,"17th Street, Santa Monica, CA90403",34.019349,-118.474101,0,480.9781197,13467.38735,36.89695165,40.58664682,depot-5,15.42292579,depot-9,9.740795236,depot-10,8.523195832,depot-14,7.305596427
31,"17th Street, Santa Monica, CA90404",34.019349,-118.474101,0,480.9781197,13467.38735,36.89695165,40.58664682,depot-5,15.42292579,depot-9,9.740795236,depot-10,8.523195832,depot-14,7.305596427
32,"17th Street, Santa Monica, CA90405",34.019349,-118.474101,0,480.9781197,13467.38735,36.89695165,40.58664682,depot-5,15.42292579,depot-9,9.740795236,depot-10,8.523195832,depot-14,7.305596427
33,"18th Court, Santa Monica, CA90405",34.022168,-118.4749601,0,480.9781197,13467.38735,36.89695165,40.58664682,depot-5,15.42292579,depot-9,9.740795236,depot-10,8.523195832,depot-14,7.305596427
34,"18th Street, Santa Monica, CA90402",34.034654,-118.490179,0,190.5912109,5336.553904,14.62069563,16.08276519,depot-2,6.111450772,depot-9,3.859863645,depot-10,3.37738069,depot-13,2.894897734
35,"18th Street, Santa Monica, CA90403",34.034654,-118.490179,0,190.5912109,5336.553904,14.62069563,16.08276519,depot-2,6.111450772,depot-9,3.859863645,depot-10,3.37738069,depot-13,2.894897734
36,"18th Street, Santa Monica, CA90404",34.0276216,-118.4830659,0,258.5636307,7239.78166,19.83501825,21.81852007,depot-3,8.291037628,depot-9,5.236444817,depot-10,4.581889215,depot-13,3.927333613
37,"18th Street, Santa Monica, CA90405",34.013926,-118.449136,0,478.7812855,13405.87599,36.72842738,40.40127012,depot-8,15.35248265,depot-9,9.696304829,depot-10,8.484266725,depot-15,7.272228622
38,"19th Street, Santa Monica, CA90402",34.0280002,-118.4815886,0,258.5636307,7239.78166,19.83501825,21.81852007,depot-3,8.291037628,depot-9,5.236444817,depot-10,4.581889215,depot-14,3.927333613
39,"19th Street, Santa Monica, CA90403",34.035617,-118.489464,0,190.5912109,5336.553904,14.62069563,16.08276519,depot-2,6.111450772,depot-9,3.859863645,depot-10,3.37738069,depot-13,2.894897734
40,"19th Street, Santa Monica, CA90404",34.0280002,-118.4815886,0,258.5636307,7239.78166,19.83501825,21.81852007,depot-3,8.291037628,depot-9,5.236444817,depot-10,4.581889215,depot-14,3.927333613
41,"20th Street, Santa Monica, CA90402",34.0304481,-118.4815625,0,147.3492423,4125.778785,11.30350352,12.43385387,depot-3,4.724864471,depot-9,2.984124929,depot-10,2.611109313,depot-13,2.238093697
42,"20th Street, Santa Monica, CA90403",34.0285764,-118.478988,0,163.6776194,4582.973344,12.55609135,13.81170049,depot-3,5.248446186,depot-9,3.314808117,depot-10,2.900457103,depot-14,2.486106088
43,"20th Street, Santa Monica, CA90404",34.0297985,-118.4810796,0,147.3492423,4125.778785,11.30350352,12.43385387,depot-3,4.724864471,depot-9,2.984124929,depot-10,2.611109313,depot-13,2.238093697
44,"20th Street, Santa Monica, CA90405",34.0304481,-118.4815625,0,147.3492423,4125.778785,11.30350352,12.43385387,depot-3,4.724864471,depot-9,2.984124929,depot-10,2.611109313,depot-13,2.238093697
45,"21st Place, Santa Monica, CA90402",34.036975,-118.48838,0,190.5912109,5336.553904,14.62069563,16.08276519,depot-2,6.111450772,depot-9,3.859863645,depot-10,3.37738069,depot-13,2.894897734
46,"21st Street, Santa Monica, CA90402",34.036975,-118.48838,0,190.5912109,5336.553904,14.62069563,16.08276519,depot-2,6.111450772,depot-9,3.859863645,depot-10,3.37738069,depot-13,2.894897734
47,"21st Street, Santa Monica, CA90403",34.036975,-118.48838,0,190.5912109,5336.553904,14.62069563,16.08276519,depot-2,6.111450772,depot-9,3.859863645,depot-10,3.37738069,depot-13,2.894897734
48,"21st Street, Santa Monica, CA90404",34.036975,-118.48838,0,190.5912109,5336.553904,14.62069563,16.08276519,depot-2,6.111450772,depot-9,3.859863645,depot-10,3.37738069,depot-13,2.894897734
49,"21st Street, Santa Monica, CA90405",34.0283292,-118.4772454,0,163.6776194,4582.973344,12.55609135,13.81170049,depot-3,5.248446186,depot-9,3.314808117,depot-10,2.900457103,depot-14,2.486106088
50,"22nd Street, Santa Monica, CA90402",34.046956,-118.4905744,0,914.6768518,25610.95185,70.16699137,77.18369051,depot-2,29.32980239,depot-9,18.52408572,depot-10,16.20857501,depot-13,13.89306429
51,"22nd Street, Santa Monica, CA90403",34.032174,-118.482698,0,580.4784119,16253.39553,44.52985077,48.98283585,depot-3,18.61347762,depot-9,11.7558806,depot-10,10.28639553,depot-13,8.816910453
52,"22nd Street, Santa Monica, CA90404",34.025047,-118.4725694,0,349.9549775,9798.73937,26.84586129,29.53044742,depot-3,11.22157002,depot-9,7.08730738,depot-10,6.201393958,depot-14,5.315480535
53,"22nd Street, Santa Monica, CA90405",34.025047,-118.4725694,0,349.9549775,9798.73937,26.84586129,29.53044742,depot-3,11.22157002,depot-9,7.08730738,depot-10,6.201393958,depot-14,5.315480535
54,"23rd Street, Santa Monica, CA90402",34.0390471,-118.4861868,0,580.4784119,16253.39553,44.52985077,48.98283585,depot-2,18.61347762,depot-9,11.7558806,depot-10,10.28639553,depot-13,8.816910453
55,"23rd Street, Santa Monica, CA90403",34.0390471,-118.4861868,0,580.4784119,16253.39553,44.52985077,48.98283585,depot-2,18.61347762,depot-9,11.7558806,depot-10,10.28639553,depot-13,8.816910453
56,"23rd Street, Santa Monica, CA90404",34.0299388,-118.476715,0,163.6776194,4582.973344,12.55609135,13.81170049,depot-3,5.248446186,depot-9,3.314808117,depot-10,2.900457103,depot-14,2.486106088
57,"23rd Street, Santa Monica, CA90405",34.0299388,-118.476715,0,163.6776194,4582.973344,12.55609135,13.81170049,depot-3,5.248446186,depot-9,3.314808117,depot-10,2.900457103,depot-14,2.486106088
58,"24th Court, Santa Monica, CA90405",34.0195669,-118.4507518,0,478.7812855,13405.87599,36.72842738,40.40127012,depot-8,15.35248265,depot-9,9.696304829,depot-10,8.484266725,depot-14,7.272228622
59,"24th Street, Santa Monica, CA90402",34.0333862,-118.4790377,0,147.3492423,4125.778785,11.30350352,12.43385387,depot-2,4.724864471,depot-9,2.984124929,depot-10,2.611109313,depot-13,2.238093697
60,"24th Street, Santa Monica, CA90403",34.0333862,-118.4790377,0,147.3492423,4125.778785,11.30350352,12.43385387,depot-2,4.724864471,depot-9,2.984124929,depot-10,2.611109313,depot-13,2.238093697
61,"24th Street, Santa Monica, CA90404",34.0333862,-118.4790377,0,147.3492423,4125.778785,11.30350352,12.43385387,depot-2,4.724864471,depot-9,2.984124929,depot-10,2.611109313,depot-13,2.238093697
62,"24th Street, Santa Monica, CA90405",34.0218081,-118.4638611,0,478.7812855,13405.87599,36.72842738,40.40127012,depot-5,15.35248265,depot-9,9.696304829,depot-10,8.484266725,depot-14,7.272228622
63,"25th Street, Santa Monica, CA90402",34.0330731,-118.4781699,0,147.3492423,4125.778785,11.30350352,12.43385387,depot-3,4.724864471,depot-9,2.984124929,depot-10,2.611109313,depot-13,2.238093697
64,"25th Street, Santa Monica, CA90403",34.0383221,-118.4824523,0,580.4784119,16253.39553,44.52985077,48.98283585,depot-2,18.61347762,depot-9,11.7558806,depot-10,10.28639553,depot-13,8.816910453
65,"25th Street, Santa Monica, CA90404",34.0330731,-118.4781699,0,147.3492423,4125.778785,11.30350352,12.43385387,depot-3,4.724864471,depot-9,2.984124929,depot-10,2.611109313,depot-13,2.238093697
66,"25th Street, Santa Monica, CA90405",34.0315211,-118.4738565,0,163.6776194,4582.973344,12.55609135,13.81170049,depot-3,5.248446186,depot-9,3.314808117,depot-10,2.900457103,depot-14,2.486106088
67,"26th Street, Santa Monica, CA90402",34.0472377,-118.490797,0,914.6768518,25610.95185,70.16699137,77.18369051,depot-2,29.32980239,depot-9,18.52408572,depot-10,16.20857501,depot-13,13.89306429
68,"26th Street, Santa Monica, CA90403",34.0361543,-118.4778601,0,580.4784119,16253.39553,44.52985077,48.98283585,depot-2,18.61347762,depot-9,11.7558806,depot-10,10.28639553,depot-13,8.816910453
69,"26th Street, Santa Monica, CA90404",34.03302,-118.474037,0,163.6776194,4582.973344,12.55609135,13.81170049,depot-3,5.248446186,depot-9,3.314808117,depot-10,2.900457103,depot-14,2.486106088
70,"26th Street, Santa Monica, CA90405",34.02875,-118.4717975,0,349.9549775,9798.73937,26.84586129,29.53044742,depot-3,11.22157002,depot-9,7.08730738,depot-10,6.201393958,depot-14,5.315480535
71,"27th Street, Santa Monica, CA90404",34.025047,-118.4725694,0,349.9549775,9798.73937,26.84586129,29.53044742,depot-3,11.22157002,depot-9,7.08730738,depot-10,6.201393958,depot-14,5.315480535
72,"27th Street, Santa Monica, CA90405",34.0248212,-118.4599269,0,349.9549775,9798.73937,26.84586129,29.53044742,depot-5,11.22157002,depot-9,7.08730738,depot-10,6.201393958,depot-14,5.315480535
73,"28th Street, Santa Monica, CA90405",34.0194385,-118.4558742,0,478.7812855,13405.87599,36.72842738,40.40127012,depot-8,15.35248265,depot-9,9.696304829,depot-10,8.484266725,depot-14,7.272228622
74,"29th Street, Santa Monica, CA90405",34.0242645,-118.4592718,0,478.7812855,13405.87599,36.72842738,40.40127012,depot-5,15.35248265,depot-9,9.696304829,depot-10,8.484266725,depot-14,7.272228622
75,"2nd Court, Santa Monica, CA90403",34.022201,-118.506132,0,184.9626955,5178.955475,14.18891911,15.60781102,depot-1,5.930968188,depot-9,3.745874645,depot-10,3.277640314,depot-11,2.809405984
76,"2nd Street, Santa Monica, CA90401",34.0123751,-118.4946573,1,176.441435,4940.36018,13.53523337,14.88875671,depot-5,5.657727549,depot-9,3.57330161,depot-10,3.126638909,depot-11,2.679976207
77,"2nd Street, Santa Monica, CA90403",34.022201,-118.506132,0,184.9626955,5178.955475,14.18891911,15.60781102,depot-1,5.930968188,depot-9,3.745874645,depot-10,3.277640314,depot-11,2.809405984
78,"2nd Street, Santa Monica, CA90405",34.0138739,-118.4962475,1,176.441435,4940.36018,13.53523337,14.88875671,depot-5,5.657727549,depot-9,3.57330161,depot-10,3.126638909,depot-11,2.679976207
79,"30th Street, Santa Monica, CA90405",34.020396,-118.4549669,0,478.7812855,13405.87599,36.72842738,40.40127012,depot-8,15.35248265,depot-9,9.696304829,depot-10,8.484266725,depot-14,7.272228622
80,"31st Street, Santa Monica, CA90405",34.0195669,-118.4507518,0,478.7812855,13405.87599,36.72842738,40.40127012,depot-8,15.35248265,depot-9,9.696304829,depot-10,8.484266725,depot-14,7.272228622
81,"32nd Street, Santa Monica, CA90405",34.0212126,-118.4524403,0,478.7812855,13405.87599,36.72842738,40.40127012,depot-8,15.35248265,depot-9,9.696304829,depot-10,8.484266725,depot-14,7.272228622
82,"33rd Street, Santa Monica, CA90405",34.0243898,-118.4532301,0,478.7812855,13405.87599,36.72842738,40.40127012,depot-8,15.35248265,depot-9,9.696304829,depot-10,8.484266725,depot-14,7.272228622
83,"34th Street, Santa Monica, CA90404",34.026404,-118.452931,0,478.7812855,13405.87599,36.72842738,40.40127012,depot-8,15.35248265,depot-9,9.696304829,depot-10,8.484266725,depot-14,7.272228622
84,"34th Street, Santa Monica, CA90405",34.025317,-118.452904,0,478.7812855,13405.87599,36.72842738,40.40127012,depot-8,15.35248265,depot-9,9.696304829,depot-10,8.484266725,depot-14,7.272228622
85,"3rd Street, Santa Monica, CA90401",34.0164092,-118.4967894,1,176.441435,4940.36018,13.53523337,14.88875671,depot-5,5.657727549,depot-9,3.57330161,depot-10,3.126638909,depot-11,2.679976207
86,"3rd Street, Santa Monica, CA90403",34.0164092,-118.4967894,1,176.441435,4940.36018,13.53523337,14.88875671,depot-5,5.657727549,depot-9,3.57330161,depot-10,3.126638909,depot-11,2.679976207
87,"3rd Street, Santa Monica, CA90405",34.0164092,-118.4967894,1,176.441435,4940.36018,13.53523337,14.88875671,depot-5,5.657727549,depot-9,3.57330161,depot-10,3.126638909,depot-11,2.679976207
88,"3rd Street Promenade, Santa Monica, CA90401",34.0164092,-118.4967894,1,176.441435,4940.36018,13.53523337,14.88875671,depot-5,5.657727549,depot-9,3.57330161,depot-10,3.126638909,depot-11,2.679976207
89,"3rd Street Promenade, Santa Monica, CA90403",34.0164092,-118.4967894,1,176.441435,4940.36018,13.53523337,14.88875671,depot-5,5.657727549,depot-9,3.57330161,depot-10,3.126638909,depot-11,2.679976207
90,"4th Avenue, Santa Monica, CA90401",34.021548,-118.500623,0,184.9626955,5178.955475,14.18891911,15.60781102,depot-1,5.930968188,depot-9,3.745874645,depot-10,3.277640314,depot-11,2.809405984
91,"4th Avenue, Santa Monica, CA90402",34.021548,-118.500623,0,184.9626955,5178.955475,14.18891911,15.60781102,depot-1,5.930968188,depot-9,3.745874645,depot-10,3.277640314,depot-11,2.809405984
92,"4th Avenue, Santa Monica, CA90403",34.021548,-118.500623,0,184.9626955,5178.955475,14.18891911,15.60781102,depot-1,5.930968188,depot-9,3.745874645,depot-10,3.277640314,depot-11,2.809405984
93,"4th Avenue, Santa Monica, CA90405",34.0096318,-118.4870584,1,225.8317227,6323.288237,17.32407736,19.0564851,depot-5,7.241464337,depot-9,4.573556423,depot-10,4.001861871,depot-11,3.430167318
94,"4th Court, Santa Monica, CA90403",34.021548,-118.500623,0,184.9626955,5178.955475,14.18891911,15.60781102,depot-1,5.930968188,depot-9,3.745874645,depot-10,3.277640314,depot-11,2.809405984
95,"4th Street, Santa Monica, CA90401",34.021548,-118.500623,0,184.9626955,5178.955475,14.18891911,15.60781102,depot-1,5.930968188,depot-9,3.745874645,depot-10,3.277640314,depot-11,2.809405984
96,"4th Street, Santa Monica, CA90402",34.021548,-118.500623,0,184.9626955,5178.955475,14.18891911,15.60781102,depot-1,5.930968188,depot-9,3.745874645,depot-10,3.277640314,depot-11,2.809405984
97,"4th Street, Santa Monica, CA90403",34.021548,-118.500623,0,184.9626955,5178.955475,14.18891911,15.60781102,depot-1,5.930968188,depot-9,3.745874645,depot-10,3.277640314,depot-11,2.809405984
98,"4th Street, Santa Monica, CA90405",34.021548,-118.500623,0,184.9626955,5178.955475,14.18891911,15.60781102,depot-1,5.930968188,depot-9,3.745874645,depot-10,3.277640314,depot-11,2.809405984
99,"5th Street, Santa Monica, CA90401",34.01471,-118.491841,1,176.441435,4940.36018,13.53523337,14.88875671,depot-5,5.657727549,depot-9,3.57330161,depot-10,3.126638909,depot-11,2.679976207
100,"5th Street, Santa Monica, CA90403",34.0231242,-118.5014936,0,184.9626955,5178.955475,14.18891911,15.60781102,depot-1,5.930968188,depot-9,3.745874645,depot-10,3.277640314,depot-11,2.809405984
101,"5th Street, Santa Monica, CA90405",34.01471,-118.491841,1,176.441435,4940.36018,13.53523337,14.88875671,depot-5,5.657727549,depot-9,3.57330161,depot-10,3.126638909,depot-11,2.679976207
102,"6th Court, Santa Monica, CA90403",34.0259405,-118.5020963,0,214.7477404,6012.936732,16.47379927,18.12117919,depot-1,6.886048093,depot-9,4.349083006,depot-10,3.80544763,depot-11,3.261812255
103,"6th Street, Santa Monica, CA90401",34.0163953,-118.4908929,1,176.441435,4940.36018,13.53523337,14.88875671,depot-5,5.657727549,depot-9,3.57330161,depot-10,3.126638909,depot-11,2.679976207
104,"6th Street, Santa Monica, CA90403",34.0259405,-118.5020963,0,214.7477404,6012.936732,16.47379927,18.12117919,depot-1,6.886048093,depot-9,4.349083006,depot-10,3.80544763,depot-11,3.261812255
105,"6th Street, Santa Monica, CA90405",34.0108262,-118.4848923,1,225.8317227,6323.288237,17.32407736,19.0564851,depot-5,7.241464337,depot-9,4.573556423,depot-10,4.001861871,depot-12,3.430167318
106,"7th Street, Santa Monica, CA90401",34.0150398,-118.4875136,1,176.441435,4940.36018,13.53523337,14.88875671,depot-5,5.657727549,depot-9,3.57330161,depot-10,3.126638909,depot-12,2.679976207
107,"7th Street, Santa Monica, CA90402",34.0162086,-118.4898283,1,176.441435,4940.36018,13.53523337,14.88875671,depot-5,5.657727549,depot-9,3.57330161,depot-10,3.126638909,depot-12,2.679976207
108,"7th Street, Santa Monica, CA90403",34.0162086,-118.4898283,1,176.441435,4940.36018,13.53523337,14.88875671,depot-5,5.657727549,depot-9,3.57330161,depot-10,3.126638909,depot-12,2.679976207
109,"7th Street, Santa Monica, CA90405",34.0162086,-118.4898283,1,176.441435,4940.36018,13.53523337,14.88875671,depot-5,5.657727549,depot-9,3.57330161,depot-10,3.126638909,depot-12,2.679976207
110,"9th Court, Santa Monica, CA90401",34.027126,-118.498994,0,214.7477404,6012.936732,16.47379927,18.12117919,depot-1,6.886048093,depot-9,4.349083006,depot-10,3.80544763,depot-12,3.261812255
111,"9th Court, Santa Monica, CA90403",34.027126,-118.498994,0,214.7477404,6012.936732,16.47379927,18.12117919,depot-1,6.886048093,depot-9,4.349083006,depot-10,3.80544763,depot-12,3.261812255
112,"9th Street, Santa Monica, CA90401",34.0194605,-118.4900157,0,151.2892687,4236.099524,11.60575212,12.76632733,depot-5,4.851204387,depot-9,3.06391856,depot-10,2.68092874,depot-12,2.29793892
113,"9th Street, Santa Monica, CA90402",34.0268321,-118.4978285,0,214.7477404,6012.936732,16.47379927,18.12117919,depot-1,6.886048093,depot-9,4.349083006,depot-10,3.80544763,depot-12,3.261812255
114,"9th Street, Santa Monica, CA90403",34.027126,-118.498994,0,214.7477404,6012.936732,16.47379927,18.12117919,depot-1,6.886048093,depot-9,4.349083006,depot-10,3.80544763,depot-12,3.261812255
115,"9th Street, Santa Monica, CA90404",34.0190827,-118.4875016,0,151.2892687,4236.099524,11.60575212,12.76632733,depot-5,4.851204387,depot-9,3.06391856,depot-10,2.68092874,depot-12,2.29793892
116,"Adelaide Drive, Santa Monica, CA90402",34.0320396,-118.5097061,0,382.9680475,10723.10533,29.37837077,32.31620785,depot-1,12.28015898,depot-9,7.755889883,depot-10,6.786403648,depot-11,5.816917412
117,"Adelaide Place, Santa Monica, CA90402",34.0320396,-118.5097061,0,382.9680475,10723.10533,29.37837077,32.31620785,depot-1,12.28015898,depot-9,7.755889883,depot-10,6.786403648,depot-11,5.816917412
118,"Airport Avenue, Santa Monica, CA90405",34.0178143,-118.4473286,0,478.7812855,13405.87599,36.72842738,40.40127012,depot-8,15.35248265,depot-9,9.696304829,depot-10,8.484266725,depot-15,7.272228622
119,"Alisal Court, Santa Monica, CA90402",34.0406633,-118.509218,0,0,0,0,0,depot-1,0,depot-9,0,depot-10,0,depot-12,0
120,"Alisal Lane, Santa Monica, CA90402",34.0402818,-118.5095849,0,0,0,0,0,depot-1,0,depot-9,0,depot-10,0,depot-12,0
121,"Alta Avenue, Santa Monica, CA90402",34.0247671,-118.5089937,0,382.9680475,10723.10533,29.37837077,32.31620785,depot-1,12.28015898,depot-9,7.755889883,depot-10,6.786403648,depot-11,5.816917412
122,"Amalfi Court, Santa Monica, CA90402",34.0330676,-118.5116388,0,0,0,0,0,depot-1,0,depot-9,0,depot-10,0,depot-11,0
123,"Amalfi Drive, Santa Monica, CA90402",34.0323474,-118.5132699,0,0,0,0,0,depot-1,0,depot-9,0,depot-10,0,depot-11,0
124,"Appian Way, Santa Monica, CA90401",34.0075098,-118.4924572,1,176.441435,4940.36018,13.53523337,14.88875671,depot-5,5.657727549,depot-9,3.57330161,depot-10,3.126638909,depot-11,2.679976207
125,"Arcadia Terrace, Santa Monica, CA90401",34.0083927,-118.4934689,0,176.441435,4940.36018,13.53523337,14.88875671,depot-5,5.657727549,depot-9,3.57330161,depot-10,3.126638909,depot-11,2.679976207
126,"Arizona Avenue, Santa Monica, CA90401",34.0171162,-118.4972486,1,176.441435,4940.36018,13.53523337,14.88875671,depot-5,5.657727549,depot-9,3.57330161,depot-10,3.126638909,depot-11,2.679976207
127,"Arizona Avenue, Santa Monica, CA90404",34.0265309,-118.4857078,0,258.5636307,7239.78166,19.83501825,21.81852007,depot-3,8.291037628,depot-9,5.236444817,depot-10,4.581889215,depot-12,3.927333613
128,"Arizona Place, Santa Monica, CA90404",34.0194805,-118.495358,1,176.441435,4940.36018,13.53523337,14.88875671,depot-4,5.657727549,depot-9,3.57330161,depot-10,3.126638909,depot-11,2.679976207
129,"Ashland Avenue, Santa Monica, CA90405",34.0001965,-118.4814561,1,232.4013795,6507.238625,17.82805103,19.61085613,depot-6,7.45212533,depot-9,4.706605471,depot-10,4.118279787,depot-11,3.529954103
130,"Ashland Pl N, Santa Monica, CA90405",34.0052557,-118.4732608,0,252.4928963,7069.801097,19.36931807,21.30624988,depot-6,8.096374955,depot-9,5.113499971,depot-10,4.474312475,depot-14,3.835124979
131,"Ashland Place, Santa Monica, CA90405",34.0001965,-118.4814561,1,232.4013795,6507.238625,17.82805103,19.61085613,depot-6,7.45212533,depot-9,4.706605471,depot-10,4.118279787,depot-11,3.529954103
132,"Attilla Road, Santa Monica, CA90402",34.0379788,-118.5169135,0,0,0,0,0,depot-1,0,depot-9,0,depot-10,0,depot-11,0
133,"Barnard Way, Santa Monica, CA90405",34.0016865,-118.4867156,1,225.8317227,6323.288237,17.32407736,19.0564851,depot-6,7.241464337,depot-9,4.573556423,depot-10,4.001861871,depot-11,3.430167318
134,"Bay Street, Santa Monica, CA90405",34.0135437,-118.4787339,0,392.3809358,10986.6662,30.10045535,33.11050088,depot-5,12.58199034,depot-9,7.946520212,depot-10,6.953205185,depot-12,5.959890159
135,"Beach Street, Santa Monica, CA90405",34.0022488,-118.4883355,1,225.8317227,6323.288237,17.32407736,19.0564851,depot-6,7.241464337,depot-9,4.573556423,depot-10,4.001861871,depot-11,3.430167318
136,"Bentley Court, Santa Monica, CA90405",34.0033673,-118.4727189,1,232.4013795,6507.238625,17.82805103,19.61085613,depot-6,7.45212533,depot-9,4.706605471,depot-10,4.118279787,depot-14,3.529954103
137,"Berkeley Street, Santa Monica, CA90403",34.032179,-118.4638579,0,349.9549775,9798.73937,26.84586129,29.53044742,depot-3,11.22157002,depot-9,7.08730738,depot-10,6.201393958,depot-14,5.315480535
138,"Berkeley Street, Santa Monica, CA90404",34.032179,-118.4638579,0,349.9549775,9798.73937,26.84586129,29.53044742,depot-3,11.22157002,depot-9,7.08730738,depot-10,6.201393958,depot-14,5.315480535
139,"Beverly Avenue, Santa Monica, CA90405",34.010893,-118.480957,0,392.3809358,10986.6662,30.10045535,33.11050088,depot-5,12.58199034,depot-9,7.946520212,depot-10,6.953205185,depot-12,5.959890159
140,"Bicknell Avenue, Santa Monica, CA90405",34.0046064,-118.4909489,1,225.8317227,6323.288237,17.32407736,19.0564851,depot-6,7.241464337,depot-9,4.573556423,depot-10,4.001861871,depot-11,3.430167318
141,"Brentwood Terrace, Santa Monica, CA90402",34.0465846,-118.4896548,0,0,0,0,0,depot-2,0,depot-9,0,depot-10,0,depot-13,0
142,"Broadway, Santa Monica, CA90401",34.016159,-118.4916379,1,176.441435,4940.36018,13.53523337,14.88875671,depot-5,5.657727549,depot-9,3.57330161,depot-10,3.126638909,depot-11,2.679976207
143,"Broadway, Santa Monica, CA90404",34.0278368,-118.4768669,0,163.6776194,4582.973344,12.55609135,13.81170049,depot-3,5.248446186,depot-9,3.314808117,depot-10,2.900457103,depot-14,2.486106088
144,"Broadway Street, Santa Monica, CA90401",34.016159,-118.4916379,1,176.441435,4940.36018,13.53523337,14.88875671,depot-5,5.657727549,depot-9,3.57330161,depot-10,3.126638909,depot-11,2.679976207
145,"Broadway Street, Santa Monica, CA90404",34.0278368,-118.4768669,0,163.6776194,4582.973344,12.55609135,13.81170049,depot-3,5.248446186,depot-9,3.314808117,depot-10,2.900457103,depot-14,2.486106088
146,"Brooktree Road, Santa Monica, CA90402",34.0405529,-118.5150756,0,0,0,0,0,depot-1,0,depot-9,0,depot-10,0,depot-11,0
147,"Bryn Mawr Avenue, Santa Monica, CA90405",34.0084754,-118.4655186,0,252.4928963,7069.801097,19.36931807,21.30624988,depot-6,8.096374955,depot-9,5.113499971,depot-10,4.474312475,depot-14,3.835124979
148,"California Avenue, Santa Monica, CA90403",34.0272259,-118.4910083,0,523.3308178,14653.2629,40.14592575,44.16051833,depot-3,16.78099696,depot-9,10.5985244,depot-10,9.273708848,depot-12,7.948893299
149,"California Incline, Santa Monica, CA90403",34.0194536,-118.5051072,0,184.9626955,5178.955475,14.18891911,15.60781102,depot-1,5.930968188,depot-9,3.745874645,depot-10,3.277640314,depot-11,2.809405984
150,"California Pl N, Santa Monica, CA90403",34.037415,-118.4793794,0,580.4784119,16253.39553,44.52985077,48.98283585,depot-2,18.61347762,depot-9,11.7558806,depot-10,10.28639553,depot-13,8.816910453
151,"Carlyle Avenue, Santa Monica, CA90402",34.046956,-118.4905744,0,914.6768518,25610.95185,70.16699137,77.18369051,depot-2,29.32980239,depot-9,18.52408572,depot-10,16.20857501,depot-13,13.89306429
152,"Cedar Street, Santa Monica, CA90405",34.010099,-118.4772463,0,392.3809358,10986.6662,30.10045535,33.11050088,depot-5,12.58199034,depot-9,7.946520212,depot-10,6.953205185,depot-12,5.959890159
153,"Centinela Avenue, Santa Monica, CA90403",34.0378947,-118.467132,0,163.6776194,4582.973344,12.55609135,13.81170049,depot-2,5.248446186,depot-9,3.314808117,depot-10,2.900457103,depot-14,2.486106088
154,"Centinela Avenue, Santa Monica, CA90404",34.0378947,-118.467132,0,163.6776194,4582.973344,12.55609135,13.81170049,depot-2,5.248446186,depot-9,3.314808117,depot-10,2.900457103,depot-14,2.486106088
155,"Channel Lane, Santa Monica, CA90402",34.029798,-118.5174586,0,0,0,0,0,depot-1,0,depot-9,0,depot-10,0,depot-11,0
156,"Chautauqua Boulevard, Santa Monica, CA90402",34.0285607,-118.5194923,0,0,0,0,0,depot-1,0,depot-9,0,depot-10,0,depot-11,0
157,"Chelsea Avenue, Santa Monica, CA90403",34.036444,-118.4814937,0,580.4784119,16253.39553,44.52985077,48.98283585,depot-2,18.61347762,depot-9,11.7558806,depot-10,10.28639553,depot-13,8.816910453
158,"Chelsea Avenue, Santa Monica, CA90404",34.0330557,-118.4766994,0,147.3492423,4125.778785,11.30350352,12.43385387,depot-3,4.724864471,depot-9,2.984124929,depot-10,2.611109313,depot-14,2.238093697
159,"Chelsea Court, Santa Monica, CA90403",34.0155993,-118.4984004,1,176.441435,4940.36018,13.53523337,14.88875671,depot-5,5.657727549,depot-9,3.57330161,depot-10,3.126638909,depot-11,2.679976207
160,"Chelsea Place, Santa Monica, CA90404",34.0330557,-118.4766994,0,147.3492423,4125.778785,11.30350352,12.43385387,depot-3,4.724864471,depot-9,2.984124929,depot-10,2.611109313,depot-14,2.238093697
161,"Clover Street, Santa Monica, CA90405",34.0165406,-118.4567463,0,478.7812855,13405.87599,36.72842738,40.40127012,depot-8,15.35248265,depot-9,9.696304829,depot-10,8.484266725,depot-14,7.272228622
162,"Cloverfield Boulevard, Santa Monica, CA90404",34.026915,-118.471285,0,349.9549775,9798.73937,26.84586129,29.53044742,depot-3,11.22157002,depot-9,7.08730738,depot-10,6.201393958,depot-14,5.315480535
163,"Cloverfield Boulevard, Santa Monica, CA90405",34.0296296,-118.4754413,0,163.6776194,4582.973344,12.55609135,13.81170049,depot-3,5.248446186,depot-9,3.314808117,depot-10,2.900457103,depot-14,2.486106088
164,"Colorado Avenue, Santa Monica, CA90401",34.0199022,-118.4847068,0,151.2892687,4236.099524,11.60575212,12.76632733,depot-5,4.851204387,depot-9,3.06391856,depot-10,2.68092874,depot-12,2.29793892
165,"Colorado Avenue, Santa Monica, CA90404",34.0325149,-118.4692906,0,163.6776194,4582.973344,12.55609135,13.81170049,depot-3,5.248446186,depot-9,3.314808117,depot-10,2.900457103,depot-14,2.486106088
166,"Copeland Court, Santa Monica, CA90405",34.0059166,-118.4802995,1,225.8317227,6323.288237,17.32407736,19.0564851,depot-6,7.241464337,depot-9,4.573556423,depot-10,4.001861871,depot-12,3.430167318
167,"Darlington Avenue, Santa Monica, CA90403",34.0529706,-118.464077,0,0,0,0,0,depot-2,0,depot-9,0,depot-10,0,depot-13,0
168,"Delaware Avenue, Santa Monica, CA90404",34.02226,-118.4720984,0,349.9549775,9798.73937,26.84586129,29.53044742,depot-5,11.22157002,depot-9,7.08730738,depot-10,6.201393958,depot-14,5.315480535
169,"Dewey Place, Santa Monica, CA90405",34.0092271,-118.4580775,0,478.7812855,13405.87599,36.72842738,40.40127012,depot-7,15.35248265,depot-9,9.696304829,depot-10,8.484266725,depot-15,7.272228622
170,"Dewey Street, Santa Monica, CA90405",34.0092271,-118.4580775,0,478.7812855,13405.87599,36.72842738,40.40127012,depot-7,15.35248265,depot-9,9.696304829,depot-10,8.484266725,depot-15,7.272228622
171,"Donald Douglas Loop N, Santa Monica, CA90405",34.0167994,-118.4529489,0,478.7812855,13405.87599,36.72842738,40.40127012,depot-8,15.35248265,depot-9,9.696304829,depot-10,8.484266725,depot-14,7.272228622
172,"Donald Douglas Loop S, Santa Monica, CA90405",34.017216,-118.4470352,0,478.7812855,13405.87599,36.72842738,40.40127012,depot-8,15.35248265,depot-9,9.696304829,depot-10,8.484266725,depot-15,7.272228622
173,"Dorchester Avenue, Santa Monica, CA90404",34.0206946,-118.5005082,0,184.9626955,5178.955475,14.18891911,15.60781102,depot-1,5.930968188,depot-9,3.745874645,depot-10,3.277640314,depot-11,2.809405984
174,"Dryad Court, Santa Monica, CA90402",34.0351593,-118.5103991,0,0,0,0,0,depot-1,0,depot-9,0,depot-10,0,depot-11,0
175,"Dryad Road, Santa Monica, CA90402",34.0351593,-118.5103991,0,0,0,0,0,depot-1,0,depot-9,0,depot-10,0,depot-11,0
176,"E Channel Road, Santa Monica, CA90402",34.0283383,-118.5189364,0,0,0,0,0,depot-1,0,depot-9,0,depot-10,0,depot-11,0
177,"E Ocean Avenue, Santa Monica, CA90401",34.0159981,-118.499712,1,176.441435,4940.36018,13.53523337,14.88875671,depot-5,5.657727549,depot-9,3.57330161,depot-10,3.126638909,depot-11,2.679976207
178,"E Ocean Avenue, Santa Monica, CA90402",34.0230417,-118.5078273,0,382.9680475,10723.10533,29.37837077,32.31620785,depot-1,12.28015898,depot-9,7.755889883,depot-10,6.786403648,depot-11,5.816917412
179,"E Ocean Avenue, Santa Monica, CA90403",34.019002,-118.503172,0,184.9626955,5178.955475,14.18891911,15.60781102,depot-1,5.930968188,depot-9,3.745874645,depot-10,3.277640314,depot-11,2.809405984
180,"E Ocean Avenue, Santa Monica, CA90405",34.0159981,-118.499712,1,176.441435,4940.36018,13.53523337,14.88875671,depot-5,5.657727549,depot-9,3.57330161,depot-10,3.126638909,depot-11,2.679976207
181,"E Rustic Road, Santa Monica, CA90402",34.0474434,-118.490448,0,0,0,0,0,depot-2,0,depot-9,0,depot-10,0,depot-13,0
182,"Entrada Drive, Santa Monica, CA90402",34.0305633,-118.5126796,0,0,0,0,0,depot-1,0,depot-9,0,depot-10,0,depot-11,0
183,"Ermont Place, Santa Monica, CA90402",34.0244025,-118.5133233,0,382.9680475,10723.10533,29.37837077,32.31620785,depot-1,12.28015898,depot-9,7.755889883,depot-10,6.786403648,depot-11,5.816917412
184,"Esparta Way, Santa Monica, CA90402",34.0388512,-118.5087765,0,0,0,0,0,depot-1,0,depot-9,0,depot-10,0,depot-12,0
185,"Euclid Court, Santa Monica, CA90404",34.0244983,-118.4876624,0,258.5636307,7239.78166,19.83501825,21.81852007,depot-3,8.291037628,depot-9,5.236444817,depot-10,4.581889215,depot-12,3.927333613
186,"Euclid Street, Santa Monica, CA90402",34.028019,-118.4926653,0,523.3308178,14653.2629,40.14592575,44.16051833,depot-4,16.78099696,depot-9,10.5985244,depot-10,9.273708848,depot-12,7.948893299
187,"Euclid Street, Santa Monica, CA90403",34.028019,-118.4926653,0,523.3308178,14653.2629,40.14592575,44.16051833,depot-4,16.78099696,depot-9,10.5985244,depot-10,9.273708848,depot-12,7.948893299
188,"Euclid Street, Santa Monica, CA90404",34.0244983,-118.4876624,0,258.5636307,7239.78166,19.83501825,21.81852007,depot-3,8.291037628,depot-9,5.236444817,depot-10,4.581889215,depot-12,3.927333613
189,"Euclid Street, Santa Monica, CA90405",34.028019,-118.4926653,0,523.3308178,14653.2629,40.14592575,44.16051833,depot-4,16.78099696,depot-9,10.5985244,depot-10,9.273708848,depot-12,7.948893299
190,"Exposition Boulevard, Santa Monica, CA90404",34.030188,-118.4576109,0,349.9549775,9798.73937,26.84586129,29.53044742,depot-3,11.22157002,depot-9,7.08730738,depot-10,6.201393958,depot-14,5.315480535
191,"Foxtail Drive, Santa Monica, CA90402",34.0363396,-118.5067306,0,382.9680475,10723.10533,29.37837077,32.31620785,depot-1,12.28015898,depot-9,7.755889883,depot-10,6.786403648,depot-12,5.816917412
192,"Frank Street, Santa Monica, CA90404",34.0256642,-118.4669173,0,349.9549775,9798.73937,26.84586129,29.53044742,depot-5,11.22157002,depot-9,7.08730738,depot-10,6.201393958,depot-14,5.315480535
193,"Franklin Street, Santa Monica, CA90403",34.0358329,-118.466759,0,163.6776194,4582.973344,12.55609135,13.81170049,depot-3,5.248446186,depot-9,3.314808117,depot-10,2.900457103,depot-14,2.486106088
194,"Franklin Street, Santa Monica, CA90404",34.0358329,-118.466759,0,163.6776194,4582.973344,12.55609135,13.81170049,depot-3,5.248446186,depot-9,3.314808117,depot-10,2.900457103,depot-14,2.486106088
195,"Fraser Avenue, Santa Monica, CA90405",34.0021365,-118.4850248,1,225.8317227,6323.288237,17.32407736,19.0564851,depot-6,7.241464337,depot-9,4.573556423,depot-10,4.001861871,depot-11,3.430167318
196,"Frederick Street, Santa Monica, CA90405",34.0056206,-118.4752876,1,232.4013795,6507.238625,17.82805103,19.61085613,depot-6,7.45212533,depot-9,4.706605471,depot-10,4.118279787,depot-12,3.529954103
197,"Gale Place, Santa Monica, CA90402",34.0421752,-118.5019136,0,914.6768518,25610.95185,70.16699137,77.18369051,depot-2,29.32980239,depot-9,18.52408572,depot-10,16.20857501,depot-12,13.89306429
198,"Georgina Avenue, Santa Monica, CA90402",34.0445785,-118.4947872,0,914.6768518,25610.95185,70.16699137,77.18369051,depot-2,29.32980239,depot-9,18.52408572,depot-10,16.20857501,depot-13,13.89306429
199,"Glenn Avenue, Santa Monica, CA90405",34.0054205,-118.4693845,0,252.4928963,7069.801097,19.36931807,21.30624988,depot-6,8.096374955,depot-9,5.113499971,depot-10,4.474312475,depot-14,3.835124979
200,"Glenn Court, Santa Monica, CA90405",34.0048749,-118.4687024,0,252.4928963,7069.801097,19.36931807,21.30624988,depot-6,8.096374955,depot-9,5.113499971,depot-10,4.474312475,depot-14,3.835124979
201,"Goldsmith Street, Santa Monica, CA90405",34.0148986,-118.4666969,0,392.3809358,10986.6662,30.10045535,33.11050088,depot-5,12.58199034,depot-9,7.946520212,depot-10,6.953205185,depot-14,5.959890159
202,"Grant Street, Santa Monica, CA90405",34.0113701,-118.4809094,0,392.3809358,10986.6662,30.10045535,33.11050088,depot-5,12.58199034,depot-9,7.946520212,depot-10,6.953205185,depot-12,5.959890159
203,"Haldeman Road, Santa Monica, CA90402",34.0404053,-118.5130062,0,0,0,0,0,depot-1,0,depot-9,0,depot-10,0,depot-11,0
204,"Hart Avenue, Santa Monica, CA90405",34.0021051,-118.486326,1,225.8317227,6323.288237,17.32407736,19.0564851,depot-6,7.241464337,depot-9,4.573556423,depot-10,4.001861871,depot-11,3.430167318
205,"Harvard Street, Santa Monica, CA90403",34.0367018,-118.4753591,0,147.3492423,4125.778785,11.30350352,12.43385387,depot-2,4.724864471,depot-9,2.984124929,depot-10,2.611109313,depot-13,2.238093697
206,"Harvard Street, Santa Monica, CA90404",34.0367018,-118.4753591,0,147.3492423,4125.778785,11.30350352,12.43385387,depot-2,4.724864471,depot-9,2.984124929,depot-10,2.611109313,depot-13,2.238093697
207,"High Place, Santa Monica, CA90404",34.0244025,-118.5133233,0,382.9680475,10723.10533,29.37837077,32.31620785,depot-1,12.28015898,depot-9,7.755889883,depot-10,6.786403648,depot-11,5.816917412
208,"Highland Avenue, Santa Monica, CA90405",34.0056263,-118.4783424,1,232.4013795,6507.238625,17.82805103,19.61085613,depot-6,7.45212533,depot-9,4.706605471,depot-10,4.118279787,depot-12,3.529954103
209,"Hightree Road, Santa Monica, CA90402",34.0379788,-118.5169135,0,0,0,0,0,depot-1,0,depot-9,0,depot-10,0,depot-11,0
210,"Hill Pl N, Santa Monica, CA90405",34.0001965,-118.4814561,1,232.4013795,6507.238625,17.82805103,19.61085613,depot-6,7.45212533,depot-9,4.706605471,depot-10,4.118279787,depot-11,3.529954103
211,"Hill Street, Santa Monica, CA90405",34.0018039,-118.4816758,1,232.4013795,6507.238625,17.82805103,19.61085613,depot-6,7.45212533,depot-9,4.706605471,depot-10,4.118279787,depot-11,3.529954103
212,"Hillside Lane, Santa Monica, CA90402",34.0337539,-118.518681,0,0,0,0,0,depot-1,0,depot-9,0,depot-10,0,depot-11,0
213,"Hilltree Road, Santa Monica, CA90402",34.0369132,-118.5151209,0,0,0,0,0,depot-1,0,depot-9,0,depot-10,0,depot-11,0
214,"Hollister Avenue, Santa Monica, CA90405",34.0038843,-118.4861685,1,225.8317227,6323.288237,17.32407736,19.0564851,depot-6,7.241464337,depot-9,4.573556423,depot-10,4.001861871,depot-11,3.430167318
215,"Idaho Avenue, Santa Monica, CA90403",34.025857,-118.499352,0,214.7477404,6012.936732,16.47379927,18.12117919,depot-1,6.886048093,depot-9,4.349083006,depot-10,3.80544763,depot-11,3.261812255
216,"Kansas Avenue, Santa Monica, CA90404",34.0238307,-118.463564,0,349.9549775,9798.73937,26.84586129,29.53044742,depot-5,11.22157002,depot-9,7.08730738,depot-10,6.201393958,depot-14,5.315480535
217,"Kensington Road, Santa Monica, CA90405",34.0085291,-118.479941,1,225.8317227,6323.288237,17.32407736,19.0564851,depot-6,7.241464337,depot-9,4.573556423,depot-10,4.001861871,depot-12,3.430167318
218,"Kingman Avenue, Santa Monica, CA90402",34.0388512,-118.5087765,0,0,0,0,0,depot-1,0,depot-9,0,depot-10,0,depot-12,0
219,"Kinney Street, Santa Monica, CA90405",33.998649,-118.4809364,1,232.4013795,6507.238625,17.82805103,19.61085613,depot-6,7.45212533,depot-9,4.706605471,depot-10,4.118279787,depot-11,3.529954103
220,"la Mesa Drive, Santa Monica, CA90402",34.0462081,-118.4970724,0,914.6768518,25610.95185,70.16699137,77.18369051,depot-2,29.32980239,depot-9,18.52408572,depot-10,16.20857501,depot-13,13.89306429
221,"la Mesa Way, Santa Monica, CA90402",34.0462081,-118.4970724,0,914.6768518,25610.95185,70.16699137,77.18369051,depot-2,29.32980239,depot-9,18.52408572,depot-10,16.20857501,depot-13,13.89306429
222,"Larkin Place, Santa Monica, CA90402",34.0356274,-118.5072203,0,382.9680475,10723.10533,29.37837077,32.31620785,depot-1,12.28015898,depot-9,7.755889883,depot-10,6.786403648,depot-11,5.816917412
223,"Latimer Road, Santa Monica, CA90402",34.038924,-118.5143374,0,0,0,0,0,depot-1,0,depot-9,0,depot-10,0,depot-11,0
224,"Lincoln Boulevard, Santa Monica, CA90401",34.0193583,-118.4906837,0,151.2892687,4236.099524,11.60575212,12.76632733,depot-5,4.851204387,depot-9,3.06391856,depot-10,2.68092874,depot-12,2.29793892
225,"Lincoln Boulevard, Santa Monica, CA90402",34.0068498,-118.4752176,0,252.4928963,7069.801097,19.36931807,21.30624988,depot-6,8.096374955,depot-9,5.113499971,depot-10,4.474312475,depot-12,3.835124979
226,"Lincoln Boulevard, Santa Monica, CA90403",34.0269959,-118.499626,0,214.7477404,6012.936732,16.47379927,18.12117919,depot-1,6.886048093,depot-9,4.349083006,depot-10,3.80544763,depot-11,3.261812255
227,"Lincoln Boulevard, Santa Monica, CA90404",34.0065606,-118.4746739,0,252.4928963,7069.801097,19.36931807,21.30624988,depot-6,8.096374955,depot-9,5.113499971,depot-10,4.474312475,depot-12,3.835124979
228,"Lincoln Boulevard, Santa Monica, CA90405",34.0065606,-118.4746739,0,252.4928963,7069.801097,19.36931807,21.30624988,depot-6,8.096374955,depot-9,5.113499971,depot-10,4.474312475,depot-12,3.835124979
229,"Lincoln Court, Santa Monica, CA90401",34.0054235,-118.4738569,0,252.4928963,7069.801097,19.36931807,21.30624988,depot-6,8.096374955,depot-9,5.113499971,depot-10,4.474312475,depot-14,3.835124979
230,"Lincoln Court, Santa Monica, CA90403",34.0054235,-118.4738569,0,252.4928963,7069.801097,19.36931807,21.30624988,depot-6,8.096374955,depot-9,5.113499971,depot-10,4.474312475,depot-14,3.835124979
231,"Linda Lane, Santa Monica, CA90405",34.0061056,-118.4661698,0,252.4928963,7069.801097,19.36931807,21.30624988,depot-7,8.096374955,depot-9,5.113499971,depot-10,4.474312475,depot-14,3.835124979
232,"Lipton Avenue, Santa Monica, CA90403",34.0385768,-118.4739069,0,147.3492423,4125.778785,11.30350352,12.43385387,depot-2,4.724864471,depot-9,2.984124929,depot-10,2.611109313,depot-13,2.238093697
233,"Longfellow Street, Santa Monica, CA90405",34.0001965,-118.4814561,1,232.4013795,6507.238625,17.82805103,19.61085613,depot-6,7.45212533,depot-9,4.706605471,depot-10,4.118279787,depot-11,3.529954103
234,"Mabery Road, Santa Monica, CA90402",34.0275562,-118.5158409,0,0,0,0,0,depot-1,0,depot-9,0,depot-10,0,depot-11,0
235,"Main Street, Santa Monica, CA90401",34.002787,-118.484687,1,225.8317227,6323.288237,17.32407736,19.0564851,depot-6,7.241464337,depot-9,4.573556423,depot-10,4.001861871,depot-11,3.430167318
236,"Main Street, Santa Monica, CA90405",34.0036814,-118.4855506,1,225.8317227,6323.288237,17.32407736,19.0564851,depot-6,7.241464337,depot-9,4.573556423,depot-10,4.001861871,depot-11,3.430167318
237,"Maple Street, Santa Monica, CA90405",34.0082078,-118.4765938,0,392.3809358,10986.6662,30.10045535,33.11050088,depot-6,12.58199034,depot-9,7.946520212,depot-10,6.953205185,depot-12,5.959890159
238,"Margaret Lane, Santa Monica, CA90405",34.0097239,-118.4659276,0,252.4928963,7069.801097,19.36931807,21.30624988,depot-6,8.096374955,depot-9,5.113499971,depot-10,4.474312475,depot-14,3.835124979
239,"Marguerita Avenue, Santa Monica, CA90402",34.0247671,-118.5089937,0,382.9680475,10723.10533,29.37837077,32.31620785,depot-1,12.28015898,depot-9,7.755889883,depot-10,6.786403648,depot-11,5.816917412
240,"Marine Street, Santa Monica, CA90405",33.9984592,-118.4784768,0,232.4013795,6507.238625,17.82805103,19.61085613,depot-6,7.45212533,depot-9,4.706605471,depot-10,4.118279787,depot-11,3.529954103
241,"Marine Terrace, Santa Monica, CA90401",34.0083927,-118.4934689,1,176.441435,4940.36018,13.53523337,14.88875671,depot-5,5.657727549,depot-9,3.57330161,depot-10,3.126638909,depot-11,2.679976207
242,"Mesa Road, Santa Monica, CA90402",34.0444554,-118.4987504,0,914.6768518,25610.95185,70.16699137,77.18369051,depot-2,29.32980239,depot-9,18.52408572,depot-10,16.20857501,depot-12,13.89306429
243,"Mesita Way, Santa Monica, CA90402",34.0230417,-118.5078273,0,382.9680475,10723.10533,29.37837077,32.31620785,depot-1,12.28015898,depot-9,7.755889883,depot-10,6.786403648,depot-11,5.816917412
244,"Michigan Avenue, Santa Monica, CA90404",34.0266064,-118.4691892,0,349.9549775,9798.73937,26.84586129,29.53044742,depot-3,11.22157002,depot-9,7.08730738,depot-10,6.201393958,depot-14,5.315480535
245,"Mills Street, Santa Monica, CA90405",34.003432,-118.4848364,1,225.8317227,6323.288237,17.32407736,19.0564851,depot-6,7.241464337,depot-9,4.573556423,depot-10,4.001861871,depot-11,3.430167318
246,"Montana Avenue, Santa Monica, CA90403",34.0245381,-118.5052426,0,382.9680475,10723.10533,29.37837077,32.31620785,depot-1,12.28015898,depot-9,7.755889883,depot-10,6.786403648,depot-11,5.816917412
247,"Moss Avenue, Santa Monica, CA90401",34.01049,-118.49577,1,176.441435,4940.36018,13.53523337,14.88875671,depot-5,5.657727549,depot-9,3.57330161,depot-10,3.126638909,depot-11,2.679976207
248,"N East Channel Road, Santa Monica, CA90402",34.0357085,-118.5111044,0,0,0,0,0,depot-1,0,depot-9,0,depot-10,0,depot-11,0
249,"N Ocean Avenue, Santa Monica, CA90402",34.0230417,-118.5078273,0,382.9680475,10723.10533,29.37837077,32.31620785,depot-1,12.28015898,depot-9,7.755889883,depot-10,6.786403648,depot-11,5.816917412
250,"N Ocean Avenue, Santa Monica, CA90405",34.0230417,-118.5078273,0,382.9680475,10723.10533,29.37837077,32.31620785,depot-1,12.28015898,depot-9,7.755889883,depot-10,6.786403648,depot-11,5.816917412
251,"N San Lorenzo Street, Santa Monica, CA90402",34.0283383,-118.5189364,0,0,0,0,0,depot-1,0,depot-9,0,depot-10,0,depot-11,0
252,"Navy Street, Santa Monica, CA90405",34.0029493,-118.471558,1,232.4013795,6507.238625,17.82805103,19.61085613,depot-6,7.45212533,depot-9,4.706605471,depot-10,4.118279787,depot-14,3.529954103
253,"Nebraska Avenue, Santa Monica, CA90404",34.031654,-118.4631848,0,349.9549775,9798.73937,26.84586129,29.53044742,depot-3,11.22157002,depot-9,7.08730738,depot-10,6.201393958,depot-14,5.315480535
254,"Neilson Way, Santa Monica, CA90405",33.9996727,-118.4828833,1,232.4013795,6507.238625,17.82805103,19.61085613,depot-6,7.45212533,depot-9,4.706605471,depot-10,4.118279787,depot-11,3.529954103
255,"Norman Place, Santa Monica, CA90405",34.0028692,-118.4837587,1,225.8317227,6323.288237,17.32407736,19.0564851,depot-6,7.241464337,depot-9,4.573556423,depot-10,4.001861871,depot-11,3.430167318
256,"Oak Street, Santa Monica, CA90405",34.0158462,-118.4583161,0,478.7812855,13405.87599,36.72842738,40.40127012,depot-5,15.35248265,depot-9,9.696304829,depot-10,8.484266725,depot-14,7.272228622
257,"Ocean Avenue, Santa Monica, CA90401",34.0166374,-118.5002082,1,176.441435,4940.36018,13.53523337,14.88875671,depot-5,5.657727549,depot-9,3.57330161,depot-10,3.126638909,depot-11,2.679976207
258,"Ocean Avenue, Santa Monica, CA90402",34.0230417,-118.5078273,0,382.9680475,10723.10533,29.37837077,32.31620785,depot-1,12.28015898,depot-9,7.755889883,depot-10,6.786403648,depot-11,5.816917412
259,"Ocean Avenue, Santa Monica, CA90403",34.019002,-118.503172,0,184.9626955,5178.955475,14.18891911,15.60781102,depot-1,5.930968188,depot-9,3.745874645,depot-10,3.277640314,depot-11,2.809405984
260,"Ocean Avenue, Santa Monica, CA90405",34.0190413,-118.5035159,0,184.9626955,5178.955475,14.18891911,15.60781102,depot-1,5.930968188,depot-9,3.745874645,depot-10,3.277640314,depot-11,2.809405984
261,"Ocean Avenue Exd, Santa Monica, CA90402",34.0230417,-118.5078273,0,382.9680475,10723.10533,29.37837077,32.31620785,depot-1,12.28015898,depot-9,7.755889883,depot-10,6.786403648,depot-11,5.816917412
262,"Ocean Front, Santa Monica, CA90401",34.01325,-118.496484,1,176.441435,4940.36018,13.53523337,14.88875671,depot-5,5.657727549,depot-9,3.57330161,depot-10,3.126638909,depot-11,2.679976207
263,"Ocean Front, Santa Monica, CA90405",34.0128379,-118.46591,0,252.4928963,7069.801097,19.36931807,21.30624988,depot-6,8.096374955,depot-9,5.113499971,depot-10,4.474312475,depot-14,3.835124979
264,"Ocean Front Walk, Santa Monica, CA90401",34.0093558,-118.4944394,0,176.441435,4940.36018,13.53523337,14.88875671,depot-5,5.657727549,depot-9,3.57330161,depot-10,3.126638909,depot-11,2.679976207
265,"Ocean Front Walk, Santa Monica, CA90405",34.0093558,-118.4944394,1,176.441435,4940.36018,13.53523337,14.88875671,depot-5,5.657727549,depot-9,3.57330161,depot-10,3.126638909,depot-11,2.679976207
266,"Ocean Park Boulevard, Santa Monica, CA90405",34.013017,-118.466489,0,392.3809358,10986.6662,30.10045535,33.11050088,depot-6,12.58199034,depot-9,7.946520212,depot-10,6.953205185,depot-14,5.959890159
267,"Ocean Park Pl N, Santa Monica, CA90405",34.013017,-118.466489,0,392.3809358,10986.6662,30.10045535,33.11050088,depot-6,12.58199034,depot-9,7.946520212,depot-10,6.953205185,depot-14,5.959890159
268,"Ocean Park Pl S, Santa Monica, CA90405",34.018552,-118.457016,0,478.7812855,13405.87599,36.72842738,40.40127012,depot-8,15.35248265,depot-9,9.696304829,depot-10,8.484266725,depot-14,7.272228622
269,"Ocean Way, Santa Monica, CA90402",34.0272224,-118.5154129,0,0,0,0,0,depot-1,0,depot-9,0,depot-10,0,depot-11,0
270,"Ocean Way, Santa Monica, CA90405",34.0062695,-118.4914714,1,225.8317227,6323.288237,17.32407736,19.0564851,depot-5,7.241464337,depot-9,4.573556423,depot-10,4.001861871,depot-11,3.430167318
271,"Olympic Boulevard, Santa Monica, CA90401",34.0286797,-118.4715655,0,349.9549775,9798.73937,26.84586129,29.53044742,depot-3,11.22157002,depot-9,7.08730738,depot-10,6.201393958,depot-14,5.315480535
272,"Olympic Boulevard, Santa Monica, CA90404",34.0310719,-118.4625612,0,349.9549775,9798.73937,26.84586129,29.53044742,depot-3,11.22157002,depot-9,7.08730738,depot-10,6.201393958,depot-14,5.315480535
273,"Ozone Avenue, Santa Monica, CA90405",34.0015705,-118.4720712,0,232.4013795,6507.238625,17.82805103,19.61085613,depot-6,7.45212533,depot-9,4.706605471,depot-10,4.118279787,depot-14,3.529954103
274,"Pacific Coast Highway, Santa Monica, CA90401",34.0155196,-118.5014086,1,176.441435,4940.36018,13.53523337,14.88875671,depot-5,5.657727549,depot-9,3.57330161,depot-10,3.126638909,depot-11,2.679976207
275,"Pacific Coast Highway, Santa Monica, CA90402",34.0244025,-118.5133233,0,382.9680475,10723.10533,29.37837077,32.31620785,depot-1,12.28015898,depot-9,7.755889883,depot-10,6.786403648,depot-11,5.816917412
276,"Pacific Coast Highway, Santa Monica, CA90403",34.0211309,-118.5084952,0,184.9626955,5178.955475,14.18891911,15.60781102,depot-1,5.930968188,depot-9,3.745874645,depot-10,3.277640314,depot-11,2.809405984
277,"Pacific Street, Santa Monica, CA90405",34.0056212,-118.4877649,1,225.8317227,6323.288237,17.32407736,19.0564851,depot-6,7.241464337,depot-9,4.573556423,depot-10,4.001861871,depot-11,3.430167318
278,"Pacific Terrace, Santa Monica, CA90401",34.021256,-118.505027,0,184.9626955,5178.955475,14.18891911,15.60781102,depot-1,5.930968188,depot-9,3.745874645,depot-10,3.277640314,depot-11,2.809405984
279,"Palisades Avenue, Santa Monica, CA90402",34.0230179,-118.5094604,0,382.9680475,10723.10533,29.37837077,32.31620785,depot-1,12.28015898,depot-9,7.755889883,depot-10,6.786403648,depot-11,5.816917412
280,"Palisades Beach Road, Santa Monica, CA90401",34.0252416,-118.5142023,0,382.9680475,10723.10533,29.37837077,32.31620785,depot-1,12.28015898,depot-9,7.755889883,depot-10,6.786403648,depot-11,5.816917412
281,"Palisades Beach Road, Santa Monica, CA90402",34.025091,-118.514356,0,382.9680475,10723.10533,29.37837077,32.31620785,depot-1,12.28015898,depot-9,7.755889883,depot-10,6.786403648,depot-11,5.816917412
282,"Palisades Beach Road, Santa Monica, CA90403",34.0152589,-118.5008211,1,176.441435,4940.36018,13.53523337,14.88875671,depot-5,5.657727549,depot-9,3.57330161,depot-10,3.126638909,depot-11,2.679976207
283,"Park Drive, Santa Monica, CA90404",34.086434,-118.247567,0,0,0,0,0,depot-8,0,depot-9,0,depot-10,0,depot-15,0
284,"Paula Drive, Santa Monica, CA90405",34.0057254,-118.4667134,0,252.4928963,7069.801097,19.36931807,21.30624988,depot-6,8.096374955,depot-9,5.113499971,depot-10,4.474312475,depot-14,3.835124979
285,"Pearl Place, Santa Monica, CA90405",34.0138925,-118.4720882,0,392.3809358,10986.6662,30.10045535,33.11050088,depot-5,12.58199034,depot-9,7.946520212,depot-10,6.953205185,depot-14,5.959890159
286,"Pearl Street, Santa Monica, CA90405",34.0146375,-118.4702007,0,392.3809358,10986.6662,30.10045535,33.11050088,depot-5,12.58199034,depot-9,7.946520212,depot-10,6.953205185,depot-14,5.959890159
287,"Pennsylvania Avenue, Santa Monica, CA90404",34.0326212,-118.4667405,0,349.9549775,9798.73937,26.84586129,29.53044742,depot-3,11.22157002,depot-9,7.08730738,depot-10,6.201393958,depot-14,5.315480535
288,"Pico Boulevard, Santa Monica, CA90405",34.007049,-118.4919824,1,176.441435,4940.36018,13.53523337,14.88875671,depot-5,5.657727549,depot-9,3.57330161,depot-10,3.126638909,depot-11,2.679976207
289,"Pico Place, Santa Monica, CA90405",34.0132725,-118.4808759,0,392.3809358,10986.6662,30.10045535,33.11050088,depot-5,12.58199034,depot-9,7.946520212,depot-10,6.953205185,depot-12,5.959890159
290,"Pier Avenue, Santa Monica, CA90405",33.9983002,-118.4806673,1,232.4013795,6507.238625,17.82805103,19.61085613,depot-6,7.45212533,depot-9,4.706605471,depot-10,4.118279787,depot-11,3.529954103
291,"Pine Street, Santa Monica, CA90405",34.0075231,-118.4777836,1,225.8317227,6323.288237,17.32407736,19.0564851,depot-6,7.241464337,depot-9,4.573556423,depot-10,4.001861871,depot-12,3.430167318
292,"Princeton Street, Santa Monica, CA90403",34.0351798,-118.474867,0,147.3492423,4125.778785,11.30350352,12.43385387,depot-2,4.724864471,depot-9,2.984124929,depot-10,2.611109313,depot-14,2.238093697
293,"Princeton Street, Santa Monica, CA90404",34.0323739,-118.4717747,0,163.6776194,4582.973344,12.55609135,13.81170049,depot-3,5.248446186,depot-9,3.314808117,depot-10,2.900457103,depot-14,2.486106088
294,"Prospect Avenue, Santa Monica, CA90405",33.9959173,-118.4543385,0,0,0,0,0,depot-7,0,depot-9,0,depot-10,0,depot-15,0
295,"Raymond Avenue, Santa Monica, CA90405",34.0027692,-118.4778891,1,232.4013795,6507.238625,17.82805103,19.61085613,depot-6,7.45212533,depot-9,4.706605471,depot-10,4.118279787,depot-12,3.529954103
296,"Robson Avenue, Santa Monica, CA90405",34.0067804,-118.4635166,0,252.4928963,7069.801097,19.36931807,21.30624988,depot-7,8.096374955,depot-9,5.113499971,depot-10,4.474312475,depot-15,3.835124979
297,"Ruskin Street, Santa Monica, CA90405",34.014784,-118.4495992,0,478.7812855,13405.87599,36.72842738,40.40127012,depot-8,15.35248265,depot-9,9.696304829,depot-10,8.484266725,depot-15,7.272228622
298,"S 26th Street, Santa Monica, CA90402",34.0475609,-118.4904484,0,0,0,0,0,depot-2,0,depot-9,0,depot-10,0,depot-13,0
299,"S Centinela Avenue, Santa Monica, CA90404",34.0234307,-118.4496407,0,478.7812855,13405.87599,36.72842738,40.40127012,depot-8,15.35248265,depot-9,9.696304829,depot-10,8.484266725,depot-14,7.272228622
300,"S Centinela Avenue, Santa Monica, CA90405",34.0234307,-118.4496407,0,478.7812855,13405.87599,36.72842738,40.40127012,depot-8,15.35248265,depot-9,9.696304829,depot-10,8.484266725,depot-14,7.272228622
301,"S Pico Place, Santa Monica, CA90405",34.0141981,-118.4787651,0,392.3809358,10986.6662,30.10045535,33.11050088,depot-5,12.58199034,depot-9,7.946520212,depot-10,6.953205185,depot-12,5.959890159
302,"Sage Lane, Santa Monica, CA90402",34.0309146,-118.5148187,0,0,0,0,0,depot-1,0,depot-9,0,depot-10,0,depot-11,0
303,"San Lorenzo Street, Santa Monica, CA90402",34.038071,-118.510057,0,0,0,0,0,depot-1,0,depot-9,0,depot-10,0,depot-11,0
304,"San Vicente Boulevard, Santa Monica, CA90402",34.0279645,-118.511927,0,382.9680475,10723.10533,29.37837077,32.31620785,depot-1,12.28015898,depot-9,7.755889883,depot-10,6.786403648,depot-11,5.816917412
305,"Santa Monica Boulevard, Santa Monica, CA90401",34.0175682,-118.4941615,1,176.441435,4940.36018,13.53523337,14.88875671,depot-5,5.657727549,depot-9,3.57330161,depot-10,3.126638909,depot-11,2.679976207
306,"Santa Monica Boulevard, Santa Monica, CA90404",34.0333177,-118.4755183,0,147.3492423,4125.778785,11.30350352,12.43385387,depot-3,4.724864471,depot-9,2.984124929,depot-10,2.611109313,depot-14,2.238093697
307,"Schader Drive, Santa Monica, CA90404",34.0304024,-118.4759068,0,163.6776194,4582.973344,12.55609135,13.81170049,depot-3,5.248446186,depot-9,3.314808117,depot-10,2.900457103,depot-14,2.486106088
308,"Sea Colony Drive, Santa Monica, CA90405",33.9980049,-118.4825744,1,232.4013795,6507.238625,17.82805103,19.61085613,depot-6,7.45212533,depot-9,4.706605471,depot-10,4.118279787,depot-11,3.529954103
309,"Seaside Terrace, Santa Monica, CA90401",34.0099943,-118.4965085,1,176.441435,4940.36018,13.53523337,14.88875671,depot-5,5.657727549,depot-9,3.57330161,depot-10,3.126638909,depot-11,2.679976207
310,"Seaview Terrace, Santa Monica, CA90401",34.0082472,-118.4915222,1,176.441435,4940.36018,13.53523337,14.88875671,depot-5,5.657727549,depot-9,3.57330161,depot-10,3.126638909,depot-11,2.679976207
311,"Short Street, Santa Monica, CA90402",34.027946,-118.518455,0,0,0,0,0,depot-1,0,depot-9,0,depot-10,0,depot-11,0
312,"Stanford Street, Santa Monica, CA90403",34.0318183,-118.4664077,0,349.9549775,9798.73937,26.84586129,29.53044742,depot-3,11.22157002,depot-9,7.08730738,depot-10,6.201393958,depot-14,5.315480535
313,"Stanford Street, Santa Monica, CA90404",34.0387904,-118.4737822,0,147.3492423,4125.778785,11.30350352,12.43385387,depot-2,4.724864471,depot-9,2.984124929,depot-10,2.611109313,depot-13,2.238093697
314,"Stassi Lane, Santa Monica, CA90402",34.0321237,-118.5107583,0,0,0,0,0,depot-1,0,depot-9,0,depot-10,0,depot-11,0
315,"State Route 1, Santa Monica, CA90401",34.0151519,-118.4865267,1,176.441435,4940.36018,13.53523337,14.88875671,depot-5,5.657727549,depot-9,3.57330161,depot-10,3.126638909,depot-12,2.679976207
316,"State Route 1, Santa Monica, CA90402",34.0151519,-118.4865267,1,176.441435,4940.36018,13.53523337,14.88875671,depot-5,5.657727549,depot-9,3.57330161,depot-10,3.126638909,depot-12,2.679976207
317,"State Route 1, Santa Monica, CA90403",34.0151519,-118.4865267,1,176.441435,4940.36018,13.53523337,14.88875671,depot-5,5.657727549,depot-9,3.57330161,depot-10,3.126638909,depot-12,2.679976207
318,"State Route 1, Santa Monica, CA90404",34.0151519,-118.4865267,1,176.441435,4940.36018,13.53523337,14.88875671,depot-5,5.657727549,depot-9,3.57330161,depot-10,3.126638909,depot-12,2.679976207
319,"State Route 1, Santa Monica, CA90405",34.0151519,-118.4865267,1,176.441435,4940.36018,13.53523337,14.88875671,depot-5,5.657727549,depot-9,3.57330161,depot-10,3.126638909,depot-12,2.679976207
320,"State Route 2, Santa Monica, CA90401",34.0385883,-118.4675526,0,0,0,0,0,depot-2,0,depot-9,0,depot-10,0,depot-14,0
321,"State Route 2, Santa Monica, CA90404",34.0385883,-118.4675526,0,0,0,0,0,depot-2,0,depot-9,0,depot-10,0,depot-14,0
322,"Steiner Avenue, Santa Monica, CA90405",34.01105,-118.4683813,0,252.4928963,7069.801097,19.36931807,21.30624988,depot-6,8.096374955,depot-9,5.113499971,depot-10,4.474312475,depot-14,3.835124979
323,"Stewart Street, Santa Monica, CA90404",34.030681,-118.465911,0,349.9549775,9798.73937,26.84586129,29.53044742,depot-3,11.22157002,depot-9,7.08730738,depot-10,6.201393958,depot-14,5.315480535
324,"Strand Street, Santa Monica, CA90405",34.0045945,-118.4868071,1,225.8317227,6323.288237,17.32407736,19.0564851,depot-6,7.241464337,depot-9,4.573556423,depot-10,4.001861871,depot-11,3.430167318
325,"Sumac Lane, Santa Monica, CA90402",34.0309146,-118.5148187,0,0,0,0,0,depot-1,0,depot-9,0,depot-10,0,depot-11,0
326,"Sunset Avenue, Santa Monica, CA90405",34.0077403,-118.4673461,0,252.4928963,7069.801097,19.36931807,21.30624988,depot-6,8.096374955,depot-9,5.113499971,depot-10,4.474312475,depot-14,3.835124979
327,"Sycamore Road, Santa Monica, CA90402",34.027946,-118.518455,0,0,0,0,0,depot-1,0,depot-9,0,depot-10,0,depot-11,0
328,"Taft Way, Santa Monica, CA90401",34.0178335,-118.5016847,1,184.9626955,5178.955475,14.18891911,15.60781102,depot-1,5.930968188,depot-9,3.745874645,depot-10,3.277640314,depot-11,2.809405984
329,"The Promenade, Santa Monica, CA90401",34.0164092,-118.4967894,1,176.441435,4940.36018,13.53523337,14.88875671,depot-5,5.657727549,depot-9,3.57330161,depot-10,3.126638909,depot-11,2.679976207
330,"The Promenade, Santa Monica, CA90405",34.0164092,-118.4967894,1,176.441435,4940.36018,13.53523337,14.88875671,depot-5,5.657727549,depot-9,3.57330161,depot-10,3.126638909,depot-11,2.679976207
331,"Upper Mesa Road, Santa Monica, CA90402",34.0340072,-118.5157256,0,0,0,0,0,depot-1,0,depot-9,0,depot-10,0,depot-11,0
332,"Urban Avenue, Santa Monica, CA90404",34.0253098,-118.4596625,0,349.9549775,9798.73937,26.84586129,29.53044742,depot-5,11.22157002,depot-9,7.08730738,depot-10,6.201393958,depot-14,5.315480535
333,"Vicente Terrace, Santa Monica, CA90401",34.0279645,-118.511927,0,382.9680475,10723.10533,29.37837077,32.31620785,depot-1,12.28015898,depot-9,7.755889883,depot-10,6.786403648,depot-11,5.816917412
334,"Village Pkwy, Santa Monica, CA90405",34.0179049,-118.4578008,0,478.7812855,13405.87599,36.72842738,40.40127012,depot-5,15.35248265,depot-9,9.696304829,depot-10,8.484266725,depot-14,7.272228622
335,"Virginia Avenue, Santa Monica, CA90404",34.0216384,-118.4674549,0,349.9549775,9798.73937,26.84586129,29.53044742,depot-5,11.22157002,depot-9,7.08730738,depot-10,6.201393958,depot-14,5.315480535
336,"W Channel Road, Santa Monica, CA90402",34.029798,-118.5174586,0,0,0,0,0,depot-1,0,depot-9,0,depot-10,0,depot-11,0
337,"W Rustic Road, Santa Monica, CA90402",34.0322748,-118.4817852,0,147.3492423,4125.778785,11.30350352,12.43385387,depot-3,4.724864471,depot-9,2.984124929,depot-10,2.611109313,depot-13,2.238093697
338,"W Santa Monica Boulevard, Santa Monica, CA90404",34.0347439,-118.4725803,0,147.3492423,4125.778785,11.30350352,12.43385387,depot-3,4.724864471,depot-9,2.984124929,depot-10,2.611109313,depot-14,2.238093697
339,"Wadsworth Avenue, Santa Monica, CA90405",34.003008,-118.4866285,1,225.8317227,6323.288237,17.32407736,19.0564851,depot-6,7.241464337,depot-9,4.573556423,depot-10,4.001861871,depot-11,3.430167318
340,"Warwick Avenue, Santa Monica, CA90404",34.0293131,-118.4582193,0,349.9549775,9798.73937,26.84586129,29.53044742,depot-3,11.22157002,depot-9,7.08730738,depot-10,6.201393958,depot-14,5.315480535
341,"Washington Avenue, Santa Monica, CA90403",34.029868,-118.4919258,0,190.5912109,5336.553904,14.62069563,16.08276519,depot-3,6.111450772,depot-9,3.859863645,depot-10,3.37738069,depot-12,2.894897734
342,"Washington Pl S, Santa Monica, CA90403",34.0374567,-118.4815324,0,580.4784119,16253.39553,44.52985077,48.98283585,depot-2,18.61347762,depot-9,11.7558806,depot-10,10.28639553,depot-13,8.816910453
343,"Wellesley Drive, Santa Monica, CA90405",34.008867,-118.463152,0,252.4928963,7069.801097,19.36931807,21.30624988,depot-7,8.096374955,depot-9,5.113499971,depot-10,4.474312475,depot-14,3.835124979
344,"Wilshire Boulevard, Santa Monica, CA90401",34.017523,-118.499814,1,176.441435,4940.36018,13.53523337,14.88875671,depot-5,5.657727549,depot-9,3.57330161,depot-10,3.126638909,depot-11,2.679976207
345,"Wilshire Boulevard, Santa Monica, CA90403",34.033503,-118.4803348,0,147.3492423,4125.778785,11.30350352,12.43385387,depot-2,4.724864471,depot-9,2.984124929,depot-10,2.611109313,depot-13,2.238093697
346,"Wilson Place, Santa Monica, CA90405",34.0025792,-118.4710091,0,232.4013795,6507.238625,17.82805103,19.61085613,depot-6,7.45212533,depot-9,4.706605471,depot-10,4.118279787,depot-14,3.529954103
347,"Winnett Place, Santa Monica, CA90402",34.0318534,-118.5026596,0,382.9680475,10723.10533,29.37837077,32.31620785,depot-1,12.28015898,depot-9,7.755889883,depot-10,6.786403648,depot-12,5.816917412
348,"Woodacres Road, Santa Monica, CA90402",34.0399499,-118.5054752,0,382.9680475,10723.10533,29.37837077,32.31620785,depot-1,12.28015898,depot-9,7.755889883,depot-10,6.786403648,depot-12,5.816917412
349,"Yale Street, Santa Monica, CA90403",34.0383661,-118.4750599,0,580.4784119,16253.39553,44.52985077,48.98283585,depot-2,18.61347762,depot-9,11.7558806,depot-10,10.28639553,depot-13,8.816910453
350,"Yale Street, Santa Monica, CA90404",34.034314,-118.470567,0,163.6776194,4582.973344,12.55609135,13.81170049,depot-3,5.248446186,depot-9,3.314808117,depot-10,2.900457103,depot-14,2.486106088
351,"Yorkshire Avenue, Santa Monica, CA90404",34.0262517,-118.4613643,0,349.9549775,9798.73937,26.84586129,29.53044742,depot-5,11.22157002,depot-9,7.08730738,depot-10,6.201393958,depot-14,5.315480535
